V Mag,Proper name,Bayer designation,Distance,Spectral class,Mass,Radius,Luminosity
"-26.74
",b'Sun',b'\xc2\xa0\n',"0.000015813
","G2
","1
","1
","1
"
"-26.74
",b'Sun',b'\xc2\xa0\n',"0.000015813
","G2
","1
","1
","1
"
"-26.74
",b'Sun',b'\xc2\xa0\n',"0.000015813
","G2
","1
","1
","1
"
"-26.74
",b'Sun',b'\xc2\xa0\n',"0.000015813
","G2
","1
","1
","1
"
"-26.74
",b'Sun',b'\xc2\xa0\n',"0.000015813
","G2
","1
","1
","1
"
"-26.74
",b'Sun',b'\xc2\xa0\n',"0.000015813
","G2
","1
","1
","1
"
"-26.74
",b'Sun',b'\xc2\xa0\n',"0.000015813
","G2
","1
","1
","1
"
"-26.74
",b'Sun',b'\xc2\xa0\n',"0.000015813
","G2
","1
","1
","1
"
"-1.46
",b'Sirius',b'\xce\xb1 CMa\n',"8.6
","A1
","2.1
","1.71
","25.4
"
"-1.46
",b'Sirius',b'\xce\xb1 CMa\n',"8.6
","A1
","2.1
","1.71
","25.4
"
"-1.46
",b'Sirius',b'\xce\xb1 CMa\n',"8.6
","A1
","2.1
","1.71
","25.4
"
"-1.46
",b'Sirius',b'\xce\xb1 CMa\n',"8.6
","A1
","2.1
","1.71
","25.4
"
"-1.46
",b'Sirius',b'\xce\xb1 CMa\n',"8.6
","A1
","2.1
","1.71
","25.4
"
"-1.46
",b'Sirius',b'\xce\xb1 CMa\n',"8.6
","A1
","2.1
","1.71
","25.4
"
"-1.46
",b'Sirius',b'\xce\xb1 CMa\n',"8.6
","A1
","2.1
","1.71
","25.4
"
"-1.46
",b'Sirius',b'\xce\xb1 CMa\n',"8.6
","A1
","2.1
","1.71
","25.4
"
"-0.74
",b'Canopus',b'\xce\xb1 Car\n',"310
","A9
","15
","71
","13,500
"
"-0.74
",b'Canopus',b'\xce\xb1 Car\n',"310
","A9
","15
","71
","13,500
"
"-0.74
",b'Canopus',b'\xce\xb1 Car\n',"310
","A9
","15
","71
","13,500
"
"-0.74
",b'Canopus',b'\xce\xb1 Car\n',"310
","A9
","15
","71
","13,500
"
"-0.74
",b'Canopus',b'\xce\xb1 Car\n',"310
","A9
","15
","71
","13,500
"
"-0.74
",b'Canopus',b'\xce\xb1 Car\n',"310
","A9
","15
","71
","13,500
"
"-0.74
",b'Canopus',b'\xce\xb1 Car\n',"310
","A9
","15
","71
","13,500
"
"-0.74
",b'Canopus',b'\xce\xb1 Car\n',"310
","A9
","15
","71
","13,500
"
"-0.27
",b'Alpha Centauri',b'\xce\xb1 Cen',"4.4
","G2
","1.1
","1.2
","2
"
"-0.27
",b'Alpha Centauri',b'\xce\xb1 Cen',"4.4
","G2
","1.1
","1.2
","2
"
"-0.27
",b'Alpha Centauri',b'\xce\xb1 Cen',"4.4
","G2
","1.1
","1.2
","2
"
"-0.27
",b'Alpha Centauri',b'\xce\xb1 Cen',"4.4
","G2
","1.1
","1.2
","2
"
"-0.27
",b'Alpha Centauri',b'\xce\xb1 Cen',"4.4
","G2
","1.1
","1.2
","2
"
"-0.27
",b'Alpha Centauri',b'\xce\xb1 Cen',"4.4
","G2
","1.1
","1.2
","2
"
"-0.27
",b'Alpha Centauri',b'\xce\xb1 Cen',"4.4
","G2
","1.1
","1.2
","2
"
"-0.27
",b'Alpha Centauri',b'\xce\xb1 Cen',"4.4
","G2
","1.1
","1.2
","2
"
"-0.05
",b'Arcturus',b'\xce\xb1 Boo\n',"37
","K2
","1.1
","26
","170
"
"-0.05
",b'Arcturus',b'\xce\xb1 Boo\n',"37
","K2
","1.1
","26
","170
"
"-0.05
",b'Arcturus',b'\xce\xb1 Boo\n',"37
","K2
","1.1
","26
","170
"
"-0.05
",b'Arcturus',b'\xce\xb1 Boo\n',"37
","K2
","1.1
","26
","170
"
"-0.05
",b'Arcturus',b'\xce\xb1 Boo\n',"37
","K2
","1.1
","26
","170
"
"-0.05
",b'Arcturus',b'\xce\xb1 Boo\n',"37
","K2
","1.1
","26
","170
"
"-0.05
",b'Arcturus',b'\xce\xb1 Boo\n',"37
","K2
","1.1
","26
","170
"
"-0.05
",b'Arcturus',b'\xce\xb1 Boo\n',"37
","K2
","1.1
","26
","170
"
"0.03
",b'Vega',b'\xce\xb1 Lyr\n',"25
","A0
","2.2
","2.7
","50
"
"0.03
",b'Vega',b'\xce\xb1 Lyr\n',"25
","A0
","2.2
","2.7
","50
"
"0.03
",b'Vega',b'\xce\xb1 Lyr\n',"25
","A0
","2.2
","2.7
","50
"
"0.03
",b'Vega',b'\xce\xb1 Lyr\n',"25
","A0
","2.2
","2.7
","50
"
"0.03
",b'Vega',b'\xce\xb1 Lyr\n',"25
","A0
","2.2
","2.7
","50
"
"0.03
",b'Vega',b'\xce\xb1 Lyr\n',"25
","A0
","2.2
","2.7
","50
"
"0.03
",b'Vega',b'\xce\xb1 Lyr\n',"25
","A0
","2.2
","2.7
","50
"
"0.03
",b'Vega',b'\xce\xb1 Lyr\n',"25
","A0
","2.2
","2.7
","50
"
"0.08
",b'Capella',b'\xce\xb1 Aur\n',"43
","G8
","2.6
","12
","150
"
"0.08
",b'Capella',b'\xce\xb1 Aur\n',"43
","G8
","2.6
","12
","150
"
"0.08
",b'Capella',b'\xce\xb1 Aur\n',"43
","G8
","2.6
","12
","150
"
"0.08
",b'Capella',b'\xce\xb1 Aur\n',"43
","G8
","2.6
","12
","150
"
"0.08
",b'Capella',b'\xce\xb1 Aur\n',"43
","G8
","2.6
","12
","150
"
"0.08
",b'Capella',b'\xce\xb1 Aur\n',"43
","G8
","2.6
","12
","150
"
"0.08
",b'Capella',b'\xce\xb1 Aur\n',"43
","G8
","2.6
","12
","150
"
"0.08
",b'Capella',b'\xce\xb1 Aur\n',"43
","G8
","2.6
","12
","150
"
"0.13
",b'Rigel',b'\xce\xb2 Ori\n',"860
","B8
","23
","78.9
","120,000
"
"0.13
",b'Rigel',b'\xce\xb2 Ori\n',"860
","B8
","23
","78.9
","120,000
"
"0.13
",b'Rigel',b'\xce\xb2 Ori\n',"860
","B8
","23
","78.9
","120,000
"
"0.13
",b'Rigel',b'\xce\xb2 Ori\n',"860
","B8
","23
","78.9
","120,000
"
"0.13
",b'Rigel',b'\xce\xb2 Ori\n',"860
","B8
","23
","78.9
","120,000
"
"0.13
",b'Rigel',b'\xce\xb2 Ori\n',"860
","B8
","23
","78.9
","120,000
"
"0.13
",b'Rigel',b'\xce\xb2 Ori\n',"860
","B8
","23
","78.9
","120,000
"
"0.13
",b'Rigel',b'\xce\xb2 Ori\n',"860
","B8
","23
","78.9
","120,000
"
"0.34
",b'Procyon',b'\xce\xb1 CMi\n',"11.4
","F5
","1.5
","1.9
","7.7
"
"0.34
",b'Procyon',b'\xce\xb1 CMi\n',"11.4
","F5
","1.5
","1.9
","7.7
"
"0.34
",b'Procyon',b'\xce\xb1 CMi\n',"11.4
","F5
","1.5
","1.9
","7.7
"
"0.34
",b'Procyon',b'\xce\xb1 CMi\n',"11.4
","F5
","1.5
","1.9
","7.7
"
"0.34
",b'Procyon',b'\xce\xb1 CMi\n',"11.4
","F5
","1.5
","1.9
","7.7
"
"0.34
",b'Procyon',b'\xce\xb1 CMi\n',"11.4
","F5
","1.5
","1.9
","7.7
"
"0.34
",b'Procyon',b'\xce\xb1 CMi\n',"11.4
","F5
","1.5
","1.9
","7.7
"
"0.34
",b'Procyon',b'\xce\xb1 CMi\n',"11.4
","F5
","1.5
","1.9
","7.7
"
" 0.45
",b'Betelgeuse',b'\xce\xb1 Ori\n',None,"M2
","20
","950
","60,000
"
" 0.45
",b'Betelgeuse',b'\xce\xb1 Ori\n',None,"M2
","20
","950
","60,000
"
" 0.45
",b'Betelgeuse',b'\xce\xb1 Ori\n',None,"M2
","20
","950
","60,000
"
" 0.45
",b'Betelgeuse',b'\xce\xb1 Ori\n',None,"M2
","20
","950
","60,000
"
" 0.45
",b'Betelgeuse',b'\xce\xb1 Ori\n',None,"M2
","20
","950
","60,000
"
" 0.45
",b'Betelgeuse',b'\xce\xb1 Ori\n',None,"M2
","20
","950
","60,000
"
" 0.45
",b'Betelgeuse',b'\xce\xb1 Ori\n',None,"M2
","20
","950
","60,000
"
" 0.45
",b'Betelgeuse',b'\xce\xb1 Ori\n',None,"M2
","20
","950
","60,000
"
"0.46
",b'Achernar',b'\xce\xb1 Eri\n',"144
","B3
","6.7
","9.3
","3,000
"
"0.46
",b'Achernar',b'\xce\xb1 Eri\n',"144
","B3
","6.7
","9.3
","3,000
"
"0.46
",b'Achernar',b'\xce\xb1 Eri\n',"144
","B3
","6.7
","9.3
","3,000
"
"0.46
",b'Achernar',b'\xce\xb1 Eri\n',"144
","B3
","6.7
","9.3
","3,000
"
"0.46
",b'Achernar',b'\xce\xb1 Eri\n',"144
","B3
","6.7
","9.3
","3,000
"
"0.46
",b'Achernar',b'\xce\xb1 Eri\n',"144
","B3
","6.7
","9.3
","3,000
"
"0.46
",b'Achernar',b'\xce\xb1 Eri\n',"144
","B3
","6.7
","9.3
","3,000
"
"0.46
",b'Achernar',b'\xce\xb1 Eri\n',"144
","B3
","6.7
","9.3
","3,000
"
"0.61
",b'Hadar',b'\xce\xb2 Cen',"390
","B1
","10.5
","8.6
","42,000
"
"0.61
",b'Hadar',b'\xce\xb2 Cen',"390
","B1
","10.5
","8.6
","42,000
"
"0.61
",b'Hadar',b'\xce\xb2 Cen',"390
","B1
","10.5
","8.6
","42,000
"
"0.61
",b'Hadar',b'\xce\xb2 Cen',"390
","B1
","10.5
","8.6
","42,000
"
"0.61
",b'Hadar',b'\xce\xb2 Cen',"390
","B1
","10.5
","8.6
","42,000
"
"0.61
",b'Hadar',b'\xce\xb2 Cen',"390
","B1
","10.5
","8.6
","42,000
"
"0.61
",b'Hadar',b'\xce\xb2 Cen',"390
","B1
","10.5
","8.6
","42,000
"
"0.61
",b'Hadar',b'\xce\xb2 Cen',"390
","B1
","10.5
","8.6
","42,000
"
"0.76
",b'Altair',b'\xce\xb1 Aql\n',"17
","A7
","1.8
","1.8
","10.5
"
"0.76
",b'Altair',b'\xce\xb1 Aql\n',"17
","A7
","1.8
","1.8
","10.5
"
"0.76
",b'Altair',b'\xce\xb1 Aql\n',"17
","A7
","1.8
","1.8
","10.5
"
"0.76
",b'Altair',b'\xce\xb1 Aql\n',"17
","A7
","1.8
","1.8
","10.5
"
"0.76
",b'Altair',b'\xce\xb1 Aql\n',"17
","A7
","1.8
","1.8
","10.5
"
"0.76
",b'Altair',b'\xce\xb1 Aql\n',"17
","A7
","1.8
","1.8
","10.5
"
"0.76
",b'Altair',b'\xce\xb1 Aql\n',"17
","A7
","1.8
","1.8
","10.5
"
"0.76
",b'Altair',b'\xce\xb1 Aql\n',"17
","A7
","1.8
","1.8
","10.5
"
"0.76
",b'Acrux',b'\xce\xb1 Cru',"320
","B0.5
","18
","8.9
","25,000
"
"0.76
",b'Acrux',b'\xce\xb1 Cru',"320
","B0.5
","18
","8.9
","25,000
"
"0.76
",b'Acrux',b'\xce\xb1 Cru',"320
","B0.5
","18
","8.9
","25,000
"
"0.76
",b'Acrux',b'\xce\xb1 Cru',"320
","B0.5
","18
","8.9
","25,000
"
"0.76
",b'Acrux',b'\xce\xb1 Cru',"320
","B0.5
","18
","8.9
","25,000
"
"0.76
",b'Acrux',b'\xce\xb1 Cru',"320
","B0.5
","18
","8.9
","25,000
"
"0.76
",b'Acrux',b'\xce\xb1 Cru',"320
","B0.5
","18
","8.9
","25,000
"
"0.76
",b'Acrux',b'\xce\xb1 Cru',"320
","B0.5
","18
","8.9
","25,000
"
"0.86
",b'Aldebaran',b'\xce\xb1 Tau\n',"65
","K5
","1.5
","44
","520
"
"0.86
",b'Aldebaran',b'\xce\xb1 Tau\n',"65
","K5
","1.5
","44
","520
"
"0.86
",b'Aldebaran',b'\xce\xb1 Tau\n',"65
","K5
","1.5
","44
","520
"
"0.86
",b'Aldebaran',b'\xce\xb1 Tau\n',"65
","K5
","1.5
","44
","520
"
"0.86
",b'Aldebaran',b'\xce\xb1 Tau\n',"65
","K5
","1.5
","44
","520
"
"0.86
",b'Aldebaran',b'\xce\xb1 Tau\n',"65
","K5
","1.5
","44
","520
"
"0.86
",b'Aldebaran',b'\xce\xb1 Tau\n',"65
","K5
","1.5
","44
","520
"
"0.86
",b'Aldebaran',b'\xce\xb1 Tau\n',"65
","K5
","1.5
","44
","520
"
"0.96
",b'Antares',b'\xce\xb1 Sco\n',"600
","M1.5
","12
","680
","75,000
"
"0.96
",b'Antares',b'\xce\xb1 Sco\n',"600
","M1.5
","12
","680
","75,000
"
"0.96
",b'Antares',b'\xce\xb1 Sco\n',"600
","M1.5
","12
","680
","75,000
"
"0.96
",b'Antares',b'\xce\xb1 Sco\n',"600
","M1.5
","12
","680
","75,000
"
"0.96
",b'Antares',b'\xce\xb1 Sco\n',"600
","M1.5
","12
","680
","75,000
"
"0.96
",b'Antares',b'\xce\xb1 Sco\n',"600
","M1.5
","12
","680
","75,000
"
"0.96
",b'Antares',b'\xce\xb1 Sco\n',"600
","M1.5
","12
","680
","75,000
"
"0.96
",b'Antares',b'\xce\xb1 Sco\n',"600
","M1.5
","12
","680
","75,000
"
"0.97
",b'Spica',b'\xce\xb1 Vir\n',"260
","B1
","11.43
","7.47
","20,512
"
"0.97
",b'Spica',b'\xce\xb1 Vir\n',"260
","B1
","11.43
","7.47
","20,512
"
"0.97
",b'Spica',b'\xce\xb1 Vir\n',"260
","B1
","11.43
","7.47
","20,512
"
"0.97
",b'Spica',b'\xce\xb1 Vir\n',"260
","B1
","11.43
","7.47
","20,512
"
"0.97
",b'Spica',b'\xce\xb1 Vir\n',"260
","B1
","11.43
","7.47
","20,512
"
"0.97
",b'Spica',b'\xce\xb1 Vir\n',"260
","B1
","11.43
","7.47
","20,512
"
"0.97
",b'Spica',b'\xce\xb1 Vir\n',"260
","B1
","11.43
","7.47
","20,512
"
"0.97
",b'Spica',b'\xce\xb1 Vir\n',"260
","B1
","11.43
","7.47
","20,512
"
"1.14
",b'Pollux',b'\xce\xb2 Gem\n',"34
","K0
","1.9
","8.8
","43
"
"1.14
",b'Pollux',b'\xce\xb2 Gem\n',"34
","K0
","1.9
","8.8
","43
"
"1.14
",b'Pollux',b'\xce\xb2 Gem\n',"34
","K0
","1.9
","8.8
","43
"
"1.14
",b'Pollux',b'\xce\xb2 Gem\n',"34
","K0
","1.9
","8.8
","43
"
"1.14
",b'Pollux',b'\xce\xb2 Gem\n',"34
","K0
","1.9
","8.8
","43
"
"1.14
",b'Pollux',b'\xce\xb2 Gem\n',"34
","K0
","1.9
","8.8
","43
"
"1.14
",b'Pollux',b'\xce\xb2 Gem\n',"34
","K0
","1.9
","8.8
","43
"
"1.14
",b'Pollux',b'\xce\xb2 Gem\n',"34
","K0
","1.9
","8.8
","43
"
"1.16
",b'Fomalhaut',b'\xce\xb1 PsA\n',"25
","A3
","1.9
","1.8
","16.6
"
"1.16
",b'Fomalhaut',b'\xce\xb1 PsA\n',"25
","A3
","1.9
","1.8
","16.6
"
"1.16
",b'Fomalhaut',b'\xce\xb1 PsA\n',"25
","A3
","1.9
","1.8
","16.6
"
"1.16
",b'Fomalhaut',b'\xce\xb1 PsA\n',"25
","A3
","1.9
","1.8
","16.6
"
"1.16
",b'Fomalhaut',b'\xce\xb1 PsA\n',"25
","A3
","1.9
","1.8
","16.6
"
"1.16
",b'Fomalhaut',b'\xce\xb1 PsA\n',"25
","A3
","1.9
","1.8
","16.6
"
"1.16
",b'Fomalhaut',b'\xce\xb1 PsA\n',"25
","A3
","1.9
","1.8
","16.6
"
"1.16
",b'Fomalhaut',b'\xce\xb1 PsA\n',"25
","A3
","1.9
","1.8
","16.6
"
"1.25
",b'Deneb',b'\xce\xb1 Cyg\n',"2,600
","A2
","19
","203
","200,000
"
"1.25
",b'Deneb',b'\xce\xb1 Cyg\n',"2,600
","A2
","19
","203
","200,000
"
"1.25
",b'Deneb',b'\xce\xb1 Cyg\n',"2,600
","A2
","19
","203
","200,000
"
"1.25
",b'Deneb',b'\xce\xb1 Cyg\n',"2,600
","A2
","19
","203
","200,000
"
"1.25
",b'Deneb',b'\xce\xb1 Cyg\n',"2,600
","A2
","19
","203
","200,000
"
"1.25
",b'Deneb',b'\xce\xb1 Cyg\n',"2,600
","A2
","19
","203
","200,000
"
"1.25
",b'Deneb',b'\xce\xb1 Cyg\n',"2,600
","A2
","19
","203
","200,000
"
"1.25
",b'Deneb',b'\xce\xb1 Cyg\n',"2,600
","A2
","19
","203
","200,000
"
"1.25
",b'Mimosa',b'\xce\xb2 Crucis\n',"350
","B0.5
","16
","8.4
","34,000
"
"1.25
",b'Mimosa',b'\xce\xb2 Crucis\n',"350
","B0.5
","16
","8.4
","34,000
"
"1.25
",b'Mimosa',b'\xce\xb2 Crucis\n',"350
","B0.5
","16
","8.4
","34,000
"
"1.25
",b'Mimosa',b'\xce\xb2 Crucis\n',"350
","B0.5
","16
","8.4
","34,000
"
"1.25
",b'Mimosa',b'\xce\xb2 Crucis\n',"350
","B0.5
","16
","8.4
","34,000
"
"1.25
",b'Mimosa',b'\xce\xb2 Crucis\n',"350
","B0.5
","16
","8.4
","34,000
"
"1.25
",b'Mimosa',b'\xce\xb2 Crucis\n',"350
","B0.5
","16
","8.4
","34,000
"
"1.25
",b'Mimosa',b'\xce\xb2 Crucis\n',"350
","B0.5
","16
","8.4
","34,000
"
"1.39
",b'Regulus',b'\xce\xb1 Leo\n',"77
","B7
","3.8
","3.1
","290
"
"1.39
",b'Regulus',b'\xce\xb1 Leo\n',"77
","B7
","3.8
","3.1
","290
"
"1.39
",b'Regulus',b'\xce\xb1 Leo\n',"77
","B7
","3.8
","3.1
","290
"
"1.39
",b'Regulus',b'\xce\xb1 Leo\n',"77
","B7
","3.8
","3.1
","290
"
"1.39
",b'Regulus',b'\xce\xb1 Leo\n',"77
","B7
","3.8
","3.1
","290
"
"1.39
",b'Regulus',b'\xce\xb1 Leo\n',"77
","B7
","3.8
","3.1
","290
"
"1.39
",b'Regulus',b'\xce\xb1 Leo\n',"77
","B7
","3.8
","3.1
","290
"
"1.39
",b'Regulus',b'\xce\xb1 Leo\n',"77
","B7
","3.8
","3.1
","290
"
"1.50
",b'Adhara',b'\xce\xb5 CMa',"430
","B2
","12.5
","14
","39,000
"
"1.50
",b'Adhara',b'\xce\xb5 CMa',"430
","B2
","12.5
","14
","39,000
"
"1.50
",b'Adhara',b'\xce\xb5 CMa',"430
","B2
","12.5
","14
","39,000
"
"1.50
",b'Adhara',b'\xce\xb5 CMa',"430
","B2
","12.5
","14
","39,000
"
"1.50
",b'Adhara',b'\xce\xb5 CMa',"430
","B2
","12.5
","14
","39,000
"
"1.50
",b'Adhara',b'\xce\xb5 CMa',"430
","B2
","12.5
","14
","39,000
"
"1.50
",b'Adhara',b'\xce\xb5 CMa',"430
","B2
","12.5
","14
","39,000
"
"1.50
",b'Adhara',b'\xce\xb5 CMa',"430
","B2
","12.5
","14
","39,000
"
"1.62
",b'Shaula',b'\xce\xbb Sco',"700
","B2
","14.5
","8.8
","36,000
"
"1.62
",b'Shaula',b'\xce\xbb Sco',"700
","B2
","14.5
","8.8
","36,000
"
"1.62
",b'Shaula',b'\xce\xbb Sco',"700
","B2
","14.5
","8.8
","36,000
"
"1.62
",b'Shaula',b'\xce\xbb Sco',"700
","B2
","14.5
","8.8
","36,000
"
"1.62
",b'Shaula',b'\xce\xbb Sco',"700
","B2
","14.5
","8.8
","36,000
"
"1.62
",b'Shaula',b'\xce\xbb Sco',"700
","B2
","14.5
","8.8
","36,000
"
"1.62
",b'Shaula',b'\xce\xbb Sco',"700
","B2
","14.5
","8.8
","36,000
"
"1.62
",b'Shaula',b'\xce\xbb Sco',"700
","B2
","14.5
","8.8
","36,000
"
"1.62
",b'Castor',b'\xce\xb1 Gem\n',"52
","A1
","2.8
","2.4
","30
"
"1.62
",b'Castor',b'\xce\xb1 Gem\n',"52
","A1
","2.8
","2.4
","30
"
"1.62
",b'Castor',b'\xce\xb1 Gem\n',"52
","A1
","2.8
","2.4
","30
"
"1.62
",b'Castor',b'\xce\xb1 Gem\n',"52
","A1
","2.8
","2.4
","30
"
"1.62
",b'Castor',b'\xce\xb1 Gem\n',"52
","A1
","2.8
","2.4
","30
"
"1.62
",b'Castor',b'\xce\xb1 Gem\n',"52
","A1
","2.8
","2.4
","30
"
"1.62
",b'Castor',b'\xce\xb1 Gem\n',"52
","A1
","2.8
","2.4
","30
"
"1.62
",b'Castor',b'\xce\xb1 Gem\n',"52
","A1
","2.8
","2.4
","30
"
"1.64
",b'Gacrux',b'\xce\xb3 Cru',"88
","M3.5
","1.5
","84
","820
"
"1.64
",b'Gacrux',b'\xce\xb3 Cru',"88
","M3.5
","1.5
","84
","820
"
"1.64
",b'Gacrux',b'\xce\xb3 Cru',"88
","M3.5
","1.5
","84
","820
"
"1.64
",b'Gacrux',b'\xce\xb3 Cru',"88
","M3.5
","1.5
","84
","820
"
"1.64
",b'Gacrux',b'\xce\xb3 Cru',"88
","M3.5
","1.5
","84
","820
"
"1.64
",b'Gacrux',b'\xce\xb3 Cru',"88
","M3.5
","1.5
","84
","820
"
"1.64
",b'Gacrux',b'\xce\xb3 Cru',"88
","M3.5
","1.5
","84
","820
"
"1.64
",b'Gacrux',b'\xce\xb3 Cru',"88
","M3.5
","1.5
","84
","820
"
"1.64
",b'Bellatrix',b'\xce\xb3 Ori',"240
","B2
","8.6
","5.8
","9,200
"
"1.64
",b'Bellatrix',b'\xce\xb3 Ori',"240
","B2
","8.6
","5.8
","9,200
"
"1.64
",b'Bellatrix',b'\xce\xb3 Ori',"240
","B2
","8.6
","5.8
","9,200
"
"1.64
",b'Bellatrix',b'\xce\xb3 Ori',"240
","B2
","8.6
","5.8
","9,200
"
"1.64
",b'Bellatrix',b'\xce\xb3 Ori',"240
","B2
","8.6
","5.8
","9,200
"
"1.64
",b'Bellatrix',b'\xce\xb3 Ori',"240
","B2
","8.6
","5.8
","9,200
"
"1.64
",b'Bellatrix',b'\xce\xb3 Ori',"240
","B2
","8.6
","5.8
","9,200
"
"1.64
",b'Bellatrix',b'\xce\xb3 Ori',"240
","B2
","8.6
","5.8
","9,200
"
"1.65
",b'Elnath',b'\xce\xb2 Tau',"130
","B7
","5.0
","4.2
","700
"
"1.65
",b'Elnath',b'\xce\xb2 Tau',"130
","B7
","5.0
","4.2
","700
"
"1.65
",b'Elnath',b'\xce\xb2 Tau',"130
","B7
","5.0
","4.2
","700
"
"1.65
",b'Elnath',b'\xce\xb2 Tau',"130
","B7
","5.0
","4.2
","700
"
"1.65
",b'Elnath',b'\xce\xb2 Tau',"130
","B7
","5.0
","4.2
","700
"
"1.65
",b'Elnath',b'\xce\xb2 Tau',"130
","B7
","5.0
","4.2
","700
"
"1.65
",b'Elnath',b'\xce\xb2 Tau',"130
","B7
","5.0
","4.2
","700
"
"1.65
",b'Elnath',b'\xce\xb2 Tau',"130
","B7
","5.0
","4.2
","700
"
"1.69
",b'Miaplacidus',b'\xce\xb2 Car',"110
","A1
","3.5
","6.8
","290
"
"1.69
",b'Miaplacidus',b'\xce\xb2 Car',"110
","A1
","3.5
","6.8
","290
"
"1.69
",b'Miaplacidus',b'\xce\xb2 Car',"110
","A1
","3.5
","6.8
","290
"
"1.69
",b'Miaplacidus',b'\xce\xb2 Car',"110
","A1
","3.5
","6.8
","290
"
"1.69
",b'Miaplacidus',b'\xce\xb2 Car',"110
","A1
","3.5
","6.8
","290
"
"1.69
",b'Miaplacidus',b'\xce\xb2 Car',"110
","A1
","3.5
","6.8
","290
"
"1.69
",b'Miaplacidus',b'\xce\xb2 Car',"110
","A1
","3.5
","6.8
","290
"
"1.69
",b'Miaplacidus',b'\xce\xb2 Car',"110
","A1
","3.5
","6.8
","290
"
"1.69
",b'Alnilam',b'\xce\xb5 Ori\n',"2,000
","B0
","32
","42
","380,000
"
"1.69
",b'Alnilam',b'\xce\xb5 Ori\n',"2,000
","B0
","32
","42
","380,000
"
"1.69
",b'Alnilam',b'\xce\xb5 Ori\n',"2,000
","B0
","32
","42
","380,000
"
"1.69
",b'Alnilam',b'\xce\xb5 Ori\n',"2,000
","B0
","32
","42
","380,000
"
"1.69
",b'Alnilam',b'\xce\xb5 Ori\n',"2,000
","B0
","32
","42
","380,000
"
"1.69
",b'Alnilam',b'\xce\xb5 Ori\n',"2,000
","B0
","32
","42
","380,000
"
"1.69
",b'Alnilam',b'\xce\xb5 Ori\n',"2,000
","B0
","32
","42
","380,000
"
"1.69
",b'Alnilam',b'\xce\xb5 Ori\n',"2,000
","B0
","32
","42
","380,000
"
"1.72
",b'Gamma Velorum',b'None',"1,100
","WC8
","9.0
","6
","170,000
"
"1.72
",b'Gamma Velorum',b'None',"1,100
","WC8
","9.0
","6
","170,000
"
"1.72
",b'Gamma Velorum',b'None',"1,100
","WC8
","9.0
","6
","170,000
"
"1.72
",b'Gamma Velorum',b'None',"1,100
","WC8
","9.0
","6
","170,000
"
"1.72
",b'Gamma Velorum',b'None',"1,100
","WC8
","9.0
","6
","170,000
"
"1.72
",b'Gamma Velorum',b'None',"1,100
","WC8
","9.0
","6
","170,000
"
"1.72
",b'Gamma Velorum',b'None',"1,100
","WC8
","9.0
","6
","170,000
"
"1.72
",b'Gamma Velorum',b'None',"1,100
","WC8
","9.0
","6
","170,000
"
"1.74
",b'Alnair',b'\xce\xb1 Gru',"101
","B7
","4.0
","3.4
","260
"
"1.74
",b'Alnair',b'\xce\xb1 Gru',"101
","B7
","4.0
","3.4
","260
"
"1.74
",b'Alnair',b'\xce\xb1 Gru',"101
","B7
","4.0
","3.4
","260
"
"1.74
",b'Alnair',b'\xce\xb1 Gru',"101
","B7
","4.0
","3.4
","260
"
"1.74
",b'Alnair',b'\xce\xb1 Gru',"101
","B7
","4.0
","3.4
","260
"
"1.74
",b'Alnair',b'\xce\xb1 Gru',"101
","B7
","4.0
","3.4
","260
"
"1.74
",b'Alnair',b'\xce\xb1 Gru',"101
","B7
","4.0
","3.4
","260
"
"1.74
",b'Alnair',b'\xce\xb1 Gru',"101
","B7
","4.0
","3.4
","260
"
"1.77
",b'Alioth',b'\xce\xb5 UMa',"81
","A1
","2.9
","4.2
","110
"
"1.77
",b'Alioth',b'\xce\xb5 UMa',"81
","A1
","2.9
","4.2
","110
"
"1.77
",b'Alioth',b'\xce\xb5 UMa',"81
","A1
","2.9
","4.2
","110
"
"1.77
",b'Alioth',b'\xce\xb5 UMa',"81
","A1
","2.9
","4.2
","110
"
"1.77
",b'Alioth',b'\xce\xb5 UMa',"81
","A1
","2.9
","4.2
","110
"
"1.77
",b'Alioth',b'\xce\xb5 UMa',"81
","A1
","2.9
","4.2
","110
"
"1.77
",b'Alioth',b'\xce\xb5 UMa',"81
","A1
","2.9
","4.2
","110
"
"1.77
",b'Alioth',b'\xce\xb5 UMa',"81
","A1
","2.9
","4.2
","110
"
"1.77
",b'Alnitak',b'\xce\xb6 Ori\n',"1050
","O9.7
","33
","20
","120,000
"
"1.77
",b'Alnitak',b'\xce\xb6 Ori\n',"1050
","O9.7
","33
","20
","120,000
"
"1.77
",b'Alnitak',b'\xce\xb6 Ori\n',"1050
","O9.7
","33
","20
","120,000
"
"1.77
",b'Alnitak',b'\xce\xb6 Ori\n',"1050
","O9.7
","33
","20
","120,000
"
"1.77
",b'Alnitak',b'\xce\xb6 Ori\n',"1050
","O9.7
","33
","20
","120,000
"
"1.77
",b'Alnitak',b'\xce\xb6 Ori\n',"1050
","O9.7
","33
","20
","120,000
"
"1.77
",b'Alnitak',b'\xce\xb6 Ori\n',"1050
","O9.7
","33
","20
","120,000
"
"1.77
",b'Alnitak',b'\xce\xb6 Ori\n',"1050
","O9.7
","33
","20
","120,000
"
"1.79
",b'Dubhe',b'\xce\xb1 UMa',"120
","G9
","4.25
","30
","300
"
"1.79
",b'Dubhe',b'\xce\xb1 UMa',"120
","G9
","4.25
","30
","300
"
"1.79
",b'Dubhe',b'\xce\xb1 UMa',"120
","G9
","4.25
","30
","300
"
"1.79
",b'Dubhe',b'\xce\xb1 UMa',"120
","G9
","4.25
","30
","300
"
"1.79
",b'Dubhe',b'\xce\xb1 UMa',"120
","G9
","4.25
","30
","300
"
"1.79
",b'Dubhe',b'\xce\xb1 UMa',"120
","G9
","4.25
","30
","300
"
"1.79
",b'Dubhe',b'\xce\xb1 UMa',"120
","G9
","4.25
","30
","300
"
"1.79
",b'Dubhe',b'\xce\xb1 UMa',"120
","G9
","4.25
","30
","300
"
"1.80
",b'Mirfak',b'\xce\xb1 Per',"590
","F5
","8.5
","68
","5,000
"
"1.80
",b'Mirfak',b'\xce\xb1 Per',"590
","F5
","8.5
","68
","5,000
"
"1.80
",b'Mirfak',b'\xce\xb1 Per',"590
","F5
","8.5
","68
","5,000
"
"1.80
",b'Mirfak',b'\xce\xb1 Per',"590
","F5
","8.5
","68
","5,000
"
"1.80
",b'Mirfak',b'\xce\xb1 Per',"590
","F5
","8.5
","68
","5,000
"
"1.80
",b'Mirfak',b'\xce\xb1 Per',"590
","F5
","8.5
","68
","5,000
"
"1.80
",b'Mirfak',b'\xce\xb1 Per',"590
","F5
","8.5
","68
","5,000
"
"1.80
",b'Mirfak',b'\xce\xb1 Per',"590
","F5
","8.5
","68
","5,000
"
"1.82
",b'Wezen',b'\xce\xb4 CMa',"1,600
","F8
","17
","200
","82,000
"
"1.82
",b'Wezen',b'\xce\xb4 CMa',"1,600
","F8
","17
","200
","82,000
"
"1.82
",b'Wezen',b'\xce\xb4 CMa',"1,600
","F8
","17
","200
","82,000
"
"1.82
",b'Wezen',b'\xce\xb4 CMa',"1,600
","F8
","17
","200
","82,000
"
"1.82
",b'Wezen',b'\xce\xb4 CMa',"1,600
","F8
","17
","200
","82,000
"
"1.82
",b'Wezen',b'\xce\xb4 CMa',"1,600
","F8
","17
","200
","82,000
"
"1.82
",b'Wezen',b'\xce\xb4 CMa',"1,600
","F8
","17
","200
","82,000
"
"1.82
",b'Wezen',b'\xce\xb4 CMa',"1,600
","F8
","17
","200
","82,000
"
"1.84
",b'Sargas',b'\xce\xb8 Sco',"270
","F0
","5.7
","26
","1,800
"
"1.84
",b'Sargas',b'\xce\xb8 Sco',"270
","F0
","5.7
","26
","1,800
"
"1.84
",b'Sargas',b'\xce\xb8 Sco',"270
","F0
","5.7
","26
","1,800
"
"1.84
",b'Sargas',b'\xce\xb8 Sco',"270
","F0
","5.7
","26
","1,800
"
"1.84
",b'Sargas',b'\xce\xb8 Sco',"270
","F0
","5.7
","26
","1,800
"
"1.84
",b'Sargas',b'\xce\xb8 Sco',"270
","F0
","5.7
","26
","1,800
"
"1.84
",b'Sargas',b'\xce\xb8 Sco',"270
","F0
","5.7
","26
","1,800
"
"1.84
",b'Sargas',b'\xce\xb8 Sco',"270
","F0
","5.7
","26
","1,800
"
"1.85
",b'Kaus Australis',b'\xce\xb5 Sgr',"140
","B9.5
","3.5
","6.8
","360
"
"1.85
",b'Kaus Australis',b'\xce\xb5 Sgr',"140
","B9.5
","3.5
","6.8
","360
"
"1.85
",b'Kaus Australis',b'\xce\xb5 Sgr',"140
","B9.5
","3.5
","6.8
","360
"
"1.85
",b'Kaus Australis',b'\xce\xb5 Sgr',"140
","B9.5
","3.5
","6.8
","360
"
"1.85
",b'Kaus Australis',b'\xce\xb5 Sgr',"140
","B9.5
","3.5
","6.8
","360
"
"1.85
",b'Kaus Australis',b'\xce\xb5 Sgr',"140
","B9.5
","3.5
","6.8
","360
"
"1.85
",b'Kaus Australis',b'\xce\xb5 Sgr',"140
","B9.5
","3.5
","6.8
","360
"
"1.85
",b'Kaus Australis',b'\xce\xb5 Sgr',"140
","B9.5
","3.5
","6.8
","360
"
"1.86
",b'Avior',b'\xce\xb5 Car',"630
","K3
","9.0
","130
","60,000
"
"1.86
",b'Avior',b'\xce\xb5 Car',"630
","K3
","9.0
","130
","60,000
"
"1.86
",b'Avior',b'\xce\xb5 Car',"630
","K3
","9.0
","130
","60,000
"
"1.86
",b'Avior',b'\xce\xb5 Car',"630
","K3
","9.0
","130
","60,000
"
"1.86
",b'Avior',b'\xce\xb5 Car',"630
","K3
","9.0
","130
","60,000
"
"1.86
",b'Avior',b'\xce\xb5 Car',"630
","K3
","9.0
","130
","60,000
"
"1.86
",b'Avior',b'\xce\xb5 Car',"630
","K3
","9.0
","130
","60,000
"
"1.86
",b'Avior',b'\xce\xb5 Car',"630
","K3
","9.0
","130
","60,000
"
"1.86
",b'Alkaid',b'\xce\xb7 UMa',"104
","B3
","6.1
","3.4
","1,350
"
"1.86
",b'Alkaid',b'\xce\xb7 UMa',"104
","B3
","6.1
","3.4
","1,350
"
"1.86
",b'Alkaid',b'\xce\xb7 UMa',"104
","B3
","6.1
","3.4
","1,350
"
"1.86
",b'Alkaid',b'\xce\xb7 UMa',"104
","B3
","6.1
","3.4
","1,350
"
"1.86
",b'Alkaid',b'\xce\xb7 UMa',"104
","B3
","6.1
","3.4
","1,350
"
"1.86
",b'Alkaid',b'\xce\xb7 UMa',"104
","B3
","6.1
","3.4
","1,350
"
"1.86
",b'Alkaid',b'\xce\xb7 UMa',"104
","B3
","6.1
","3.4
","1,350
"
"1.86
",b'Alkaid',b'\xce\xb7 UMa',"104
","B3
","6.1
","3.4
","1,350
"
"1.90
",b'Menkalinan',b'\xce\xb2 Aur',"81
","A1
","2.39
","2.77
","50
"
"1.90
",b'Menkalinan',b'\xce\xb2 Aur',"81
","A1
","2.39
","2.77
","50
"
"1.90
",b'Menkalinan',b'\xce\xb2 Aur',"81
","A1
","2.39
","2.77
","50
"
"1.90
",b'Menkalinan',b'\xce\xb2 Aur',"81
","A1
","2.39
","2.77
","50
"
"1.90
",b'Menkalinan',b'\xce\xb2 Aur',"81
","A1
","2.39
","2.77
","50
"
"1.90
",b'Menkalinan',b'\xce\xb2 Aur',"81
","A1
","2.39
","2.77
","50
"
"1.90
",b'Menkalinan',b'\xce\xb2 Aur',"81
","A1
","2.39
","2.77
","50
"
"1.90
",b'Menkalinan',b'\xce\xb2 Aur',"81
","A1
","2.39
","2.77
","50
"
"1.91
",b'Atria\n',b'\xce\xb1 TrA',"390
","K2
","7
","92
","5,500
"
"1.91
",b'Atria\n',b'\xce\xb1 TrA',"390
","K2
","7
","92
","5,500
"
"1.91
",b'Atria\n',b'\xce\xb1 TrA',"390
","K2
","7
","92
","5,500
"
"1.91
",b'Atria\n',b'\xce\xb1 TrA',"390
","K2
","7
","92
","5,500
"
"1.91
",b'Atria\n',b'\xce\xb1 TrA',"390
","K2
","7
","92
","5,500
"
"1.91
",b'Atria\n',b'\xce\xb1 TrA',"390
","K2
","7
","92
","5,500
"
"1.91
",b'Atria\n',b'\xce\xb1 TrA',"390
","K2
","7
","92
","5,500
"
"1.91
",b'Atria\n',b'\xce\xb1 TrA',"390
","K2
","7
","92
","5,500
"
"1.92
",b'Alhena',b'\xce\xb3 Gem',"109
","A1.5
","2.8
","3.3
","120
"
"1.92
",b'Alhena',b'\xce\xb3 Gem',"109
","A1.5
","2.8
","3.3
","120
"
"1.92
",b'Alhena',b'\xce\xb3 Gem',"109
","A1.5
","2.8
","3.3
","120
"
"1.92
",b'Alhena',b'\xce\xb3 Gem',"109
","A1.5
","2.8
","3.3
","120
"
"1.92
",b'Alhena',b'\xce\xb3 Gem',"109
","A1.5
","2.8
","3.3
","120
"
"1.92
",b'Alhena',b'\xce\xb3 Gem',"109
","A1.5
","2.8
","3.3
","120
"
"1.92
",b'Alhena',b'\xce\xb3 Gem',"109
","A1.5
","2.8
","3.3
","120
"
"1.92
",b'Alhena',b'\xce\xb3 Gem',"109
","A1.5
","2.8
","3.3
","120
"
"1.94
",b'Peacock\n',b'\xce\xb1 Pav',"180
","B3
","5.9
","4.8
","2,200
"
"1.94
",b'Peacock\n',b'\xce\xb1 Pav',"180
","B3
","5.9
","4.8
","2,200
"
"1.94
",b'Peacock\n',b'\xce\xb1 Pav',"180
","B3
","5.9
","4.8
","2,200
"
"1.94
",b'Peacock\n',b'\xce\xb1 Pav',"180
","B3
","5.9
","4.8
","2,200
"
"1.94
",b'Peacock\n',b'\xce\xb1 Pav',"180
","B3
","5.9
","4.8
","2,200
"
"1.94
",b'Peacock\n',b'\xce\xb1 Pav',"180
","B3
","5.9
","4.8
","2,200
"
"1.94
",b'Peacock\n',b'\xce\xb1 Pav',"180
","B3
","5.9
","4.8
","2,200
"
"1.94
",b'Peacock\n',b'\xce\xb1 Pav',"180
","B3
","5.9
","4.8
","2,200
"
"1.96
",b'[2]',b'\xce\xb4 Vel',"80
","A1
","2.4
","2.9
","90
"
"1.96
",b'[2]',b'\xce\xb4 Vel',"80
","A1
","2.4
","2.9
","90
"
"1.96
",b'[2]',b'\xce\xb4 Vel',"80
","A1
","2.4
","2.9
","90
"
"1.96
",b'[2]',b'\xce\xb4 Vel',"80
","A1
","2.4
","2.9
","90
"
"1.96
",b'[2]',b'\xce\xb4 Vel',"80
","A1
","2.4
","2.9
","90
"
"1.96
",b'[2]',b'\xce\xb4 Vel',"80
","A1
","2.4
","2.9
","90
"
"1.96
",b'[2]',b'\xce\xb4 Vel',"80
","A1
","2.4
","2.9
","90
"
"1.96
",b'[2]',b'\xce\xb4 Vel',"80
","A1
","2.4
","2.9
","90
"
"1.98
",b'Mirzam',b'\xce\xb2 CMa',"500
","B1
","13.5
","10
","27,000
"
"1.98
",b'Mirzam',b'\xce\xb2 CMa',"500
","B1
","13.5
","10
","27,000
"
"1.98
",b'Mirzam',b'\xce\xb2 CMa',"500
","B1
","13.5
","10
","27,000
"
"1.98
",b'Mirzam',b'\xce\xb2 CMa',"500
","B1
","13.5
","10
","27,000
"
"1.98
",b'Mirzam',b'\xce\xb2 CMa',"500
","B1
","13.5
","10
","27,000
"
"1.98
",b'Mirzam',b'\xce\xb2 CMa',"500
","B1
","13.5
","10
","27,000
"
"1.98
",b'Mirzam',b'\xce\xb2 CMa',"500
","B1
","13.5
","10
","27,000
"
"1.98
",b'Mirzam',b'\xce\xb2 CMa',"500
","B1
","13.5
","10
","27,000
"
"1.98
",b'Polaris',b'\xce\xb1 UMi\n',"430
","F8
","5.4
","39
","2,500
"
"1.98
",b'Polaris',b'\xce\xb1 UMi\n',"430
","F8
","5.4
","39
","2,500
"
"1.98
",b'Polaris',b'\xce\xb1 UMi\n',"430
","F8
","5.4
","39
","2,500
"
"1.98
",b'Polaris',b'\xce\xb1 UMi\n',"430
","F8
","5.4
","39
","2,500
"
"1.98
",b'Polaris',b'\xce\xb1 UMi\n',"430
","F8
","5.4
","39
","2,500
"
"1.98
",b'Polaris',b'\xce\xb1 UMi\n',"430
","F8
","5.4
","39
","2,500
"
"1.98
",b'Polaris',b'\xce\xb1 UMi\n',"430
","F8
","5.4
","39
","2,500
"
"1.98
",b'Polaris',b'\xce\xb1 UMi\n',"430
","F8
","5.4
","39
","2,500
"
"2.00
",b'Alphard',b'\xce\xb1 Hya\n',"180
","K3
","3.0
","50
","780
"
"2.00
",b'Alphard',b'\xce\xb1 Hya\n',"180
","K3
","3.0
","50
","780
"
"2.00
",b'Alphard',b'\xce\xb1 Hya\n',"180
","K3
","3.0
","50
","780
"
"2.00
",b'Alphard',b'\xce\xb1 Hya\n',"180
","K3
","3.0
","50
","780
"
"2.00
",b'Alphard',b'\xce\xb1 Hya\n',"180
","K3
","3.0
","50
","780
"
"2.00
",b'Alphard',b'\xce\xb1 Hya\n',"180
","K3
","3.0
","50
","780
"
"2.00
",b'Alphard',b'\xce\xb1 Hya\n',"180
","K3
","3.0
","50
","780
"
"2.00
",b'Alphard',b'\xce\xb1 Hya\n',"180
","K3
","3.0
","50
","780
"
"2.23
",b'Mintaka',b'\xce\xb4 Ori\n',"1200
","O9.5
","24
","16.5
","190,000
"
"2.23
",b'Mintaka',b'\xce\xb4 Ori\n',"1200
","O9.5
","24
","16.5
","190,000
"
"2.23
",b'Mintaka',b'\xce\xb4 Ori\n',"1200
","O9.5
","24
","16.5
","190,000
"
"2.23
",b'Mintaka',b'\xce\xb4 Ori\n',"1200
","O9.5
","24
","16.5
","190,000
"
"2.23
",b'Mintaka',b'\xce\xb4 Ori\n',"1200
","O9.5
","24
","16.5
","190,000
"
"2.23
",b'Mintaka',b'\xce\xb4 Ori\n',"1200
","O9.5
","24
","16.5
","190,000
"
"2.23
",b'Mintaka',b'\xce\xb4 Ori\n',"1200
","O9.5
","24
","16.5
","190,000
"
"2.23
",b'Mintaka',b'\xce\xb4 Ori\n',"1200
","O9.5
","24
","16.5
","190,000
"
"2.42
",b'Scheat',b'\xce\xb2 Peg',"196
","M2.5
","2.1
","95
","1,500
"
"2.42
",b'Scheat',b'\xce\xb2 Peg',"196
","M2.5
","2.1
","95
","1,500
"
"2.42
",b'Scheat',b'\xce\xb2 Peg',"196
","M2.5
","2.1
","95
","1,500
"
"2.42
",b'Scheat',b'\xce\xb2 Peg',"196
","M2.5
","2.1
","95
","1,500
"
"2.42
",b'Scheat',b'\xce\xb2 Peg',"196
","M2.5
","2.1
","95
","1,500
"
"2.42
",b'Scheat',b'\xce\xb2 Peg',"196
","M2.5
","2.1
","95
","1,500
"
"2.42
",b'Scheat',b'\xce\xb2 Peg',"196
","M2.5
","2.1
","95
","1,500
"
"2.42
",b'Scheat',b'\xce\xb2 Peg',"196
","M2.5
","2.1
","95
","1,500
"
"2.98
",b'Almaaz',b'\xce\xb5 Aur',"653
","F0
","15
","140
","43,000
"
"2.98
",b'Almaaz',b'\xce\xb5 Aur',"653
","F0
","15
","140
","43,000
"
"2.98
",b'Almaaz',b'\xce\xb5 Aur',"653
","F0
","15
","140
","43,000
"
"2.98
",b'Almaaz',b'\xce\xb5 Aur',"653
","F0
","15
","140
","43,000
"
"2.98
",b'Almaaz',b'\xce\xb5 Aur',"653
","F0
","15
","140
","43,000
"
"2.98
",b'Almaaz',b'\xce\xb5 Aur',"653
","F0
","15
","140
","43,000
"
"2.98
",b'Almaaz',b'\xce\xb5 Aur',"653
","F0
","15
","140
","43,000
"
"2.98
",b'Almaaz',b'\xce\xb5 Aur',"653
","F0
","15
","140
","43,000
"
"3.35
",b'Rasalgethi',b'\xce\xb1 Her',"360
","M5
","2.8
","280
","8,300
"
"3.35
",b'Rasalgethi',b'\xce\xb1 Her',"360
","M5
","2.8
","280
","8,300
"
"3.35
",b'Rasalgethi',b'\xce\xb1 Her',"360
","M5
","2.8
","280
","8,300
"
"3.35
",b'Rasalgethi',b'\xce\xb1 Her',"360
","M5
","2.8
","280
","8,300
"
"3.35
",b'Rasalgethi',b'\xce\xb1 Her',"360
","M5
","2.8
","280
","8,300
"
"3.35
",b'Rasalgethi',b'\xce\xb1 Her',"360
","M5
","2.8
","280
","8,300
"
"3.35
",b'Rasalgethi',b'\xce\xb1 Her',"360
","M5
","2.8
","280
","8,300
"
"3.35
",b'Rasalgethi',b'\xce\xb1 Her',"360
","M5
","2.8
","280
","8,300
"
"3.50
",b'Tau Ceti',b'\xcf\x84 Cet\n',"11.9
","G8
","0.783
","0.893
","0.52
"
"3.50
",b'Tau Ceti',b'\xcf\x84 Cet\n',"11.9
","G8
","0.783
","0.893
","0.52
"
"3.50
",b'Tau Ceti',b'\xcf\x84 Cet\n',"11.9
","G8
","0.783
","0.893
","0.52
"
"3.50
",b'Tau Ceti',b'\xcf\x84 Cet\n',"11.9
","G8
","0.783
","0.893
","0.52
"
"3.50
",b'Tau Ceti',b'\xcf\x84 Cet\n',"11.9
","G8
","0.783
","0.893
","0.52
"
"3.50
",b'Tau Ceti',b'\xcf\x84 Cet\n',"11.9
","G8
","0.783
","0.893
","0.52
"
"3.50
",b'Tau Ceti',b'\xcf\x84 Cet\n',"11.9
","G8
","0.783
","0.893
","0.52
"
"3.50
",b'Tau Ceti',b'\xcf\x84 Cet\n',"11.9
","G8
","0.783
","0.893
","0.52
"
"3.56
",b'Delta Pavonis',b'\xce\xb4 Pav\n',"19.92
","G8
","0.991
","1.22
","1.22
"
"3.56
",b'Delta Pavonis',b'\xce\xb4 Pav\n',"19.92
","G8
","0.991
","1.22
","1.22
"
"3.56
",b'Delta Pavonis',b'\xce\xb4 Pav\n',"19.92
","G8
","0.991
","1.22
","1.22
"
"3.56
",b'Delta Pavonis',b'\xce\xb4 Pav\n',"19.92
","G8
","0.991
","1.22
","1.22
"
"3.56
",b'Delta Pavonis',b'\xce\xb4 Pav\n',"19.92
","G8
","0.991
","1.22
","1.22
"
"3.56
",b'Delta Pavonis',b'\xce\xb4 Pav\n',"19.92
","G8
","0.991
","1.22
","1.22
"
"3.56
",b'Delta Pavonis',b'\xce\xb4 Pav\n',"19.92
","G8
","0.991
","1.22
","1.22
"
"3.56
",b'Delta Pavonis',b'\xce\xb4 Pav\n',"19.92
","G8
","0.991
","1.22
","1.22
"
"3.74
",b'Ran',b'\xce\xb5 Eri\n',"10.48
","K2
","0.82
","0.74
","0.34
"
"3.74
",b'Ran',b'\xce\xb5 Eri\n',"10.48
","K2
","0.82
","0.74
","0.34
"
"3.74
",b'Ran',b'\xce\xb5 Eri\n',"10.48
","K2
","0.82
","0.74
","0.34
"
"3.74
",b'Ran',b'\xce\xb5 Eri\n',"10.48
","K2
","0.82
","0.74
","0.34
"
"3.74
",b'Ran',b'\xce\xb5 Eri\n',"10.48
","K2
","0.82
","0.74
","0.34
"
"3.74
",b'Ran',b'\xce\xb5 Eri\n',"10.48
","K2
","0.82
","0.74
","0.34
"
"3.74
",b'Ran',b'\xce\xb5 Eri\n',"10.48
","K2
","0.82
","0.74
","0.34
"
"3.74
",b'Ran',b'\xce\xb5 Eri\n',"10.48
","K2
","0.82
","0.74
","0.34
"
"3.83
",b'V382 Carinae',b'Car\n',"8,900
","G2
","20
","485
","212,000
"
"3.83
",b'V382 Carinae',b'Car\n',"8,900
","G2
","20
","485
","212,000
"
"3.83
",b'V382 Carinae',b'Car\n',"8,900
","G2
","20
","485
","212,000
"
"3.83
",b'V382 Carinae',b'Car\n',"8,900
","G2
","20
","485
","212,000
"
"3.83
",b'V382 Carinae',b'Car\n',"8,900
","G2
","20
","485
","212,000
"
"3.83
",b'V382 Carinae',b'Car\n',"8,900
","G2
","20
","485
","212,000
"
"3.83
",b'V382 Carinae',b'Car\n',"8,900
","G2
","20
","485
","212,000
"
"3.83
",b'V382 Carinae',b'Car\n',"8,900
","G2
","20
","485
","212,000
"
"4
",b'Eta Carinae',b'\xce\xb7 Car\n',"7,500
","O
","100
","60–881
","5,000,000
"
"4
",b'Eta Carinae',b'\xce\xb7 Car\n',"7,500
","O
","100
","60–881
","5,000,000
"
"4
",b'Eta Carinae',b'\xce\xb7 Car\n',"7,500
","O
","100
","60–881
","5,000,000
"
"4
",b'Eta Carinae',b'\xce\xb7 Car\n',"7,500
","O
","100
","60–881
","5,000,000
"
"4
",b'Eta Carinae',b'\xce\xb7 Car\n',"7,500
","O
","100
","60–881
","5,000,000
"
"4
",b'Eta Carinae',b'\xce\xb7 Car\n',"7,500
","O
","100
","60–881
","5,000,000
"
"4
",b'Eta Carinae',b'\xce\xb7 Car\n',"7,500
","O
","100
","60–881
","5,000,000
"
"4
",b'Eta Carinae',b'\xce\xb7 Car\n',"7,500
","O
","100
","60–881
","5,000,000
"
"4.07
",b'Delta Cephei',b'\xce\xb4 Cep\n',"887
","F5
","4.5
","44.5
","2,000
"
"4.07
",b'Delta Cephei',b'\xce\xb4 Cep\n',"887
","F5
","4.5
","44.5
","2,000
"
"4.07
",b'Delta Cephei',b'\xce\xb4 Cep\n',"887
","F5
","4.5
","44.5
","2,000
"
"4.07
",b'Delta Cephei',b'\xce\xb4 Cep\n',"887
","F5
","4.5
","44.5
","2,000
"
"4.07
",b'Delta Cephei',b'\xce\xb4 Cep\n',"887
","F5
","4.5
","44.5
","2,000
"
"4.07
",b'Delta Cephei',b'\xce\xb4 Cep\n',"887
","F5
","4.5
","44.5
","2,000
"
"4.07
",b'Delta Cephei',b'\xce\xb4 Cep\n',"887
","F5
","4.5
","44.5
","2,000
"
"4.07
",b'Delta Cephei',b'\xce\xb4 Cep\n',"887
","F5
","4.5
","44.5
","2,000
"
"4.08
",b'Mu Cephei',b'\xce\xbc Cep\n',"6,000
","M2
","19.2
","972
","135,000
"
"4.08
",b'Mu Cephei',b'\xce\xbc Cep\n',"6,000
","M2
","19.2
","972
","135,000
"
"4.08
",b'Mu Cephei',b'\xce\xbc Cep\n',"6,000
","M2
","19.2
","972
","135,000
"
"4.08
",b'Mu Cephei',b'\xce\xbc Cep\n',"6,000
","M2
","19.2
","972
","135,000
"
"4.08
",b'Mu Cephei',b'\xce\xbc Cep\n',"6,000
","M2
","19.2
","972
","135,000
"
"4.08
",b'Mu Cephei',b'\xce\xbc Cep\n',"6,000
","M2
","19.2
","972
","135,000
"
"4.08
",b'Mu Cephei',b'\xce\xbc Cep\n',"6,000
","M2
","19.2
","972
","135,000
"
"4.08
",b'Mu Cephei',b'\xce\xbc Cep\n',"6,000
","M2
","19.2
","972
","135,000
"
"4.09
",b'Titawin',b'\xcf\x85 And\n',"44.25
","F8
","1.27
","1.48
","3.57
"
"4.09
",b'Titawin',b'\xcf\x85 And\n',"44.25
","F8
","1.27
","1.48
","3.57
"
"4.09
",b'Titawin',b'\xcf\x85 And\n',"44.25
","F8
","1.27
","1.48
","3.57
"
"4.09
",b'Titawin',b'\xcf\x85 And\n',"44.25
","F8
","1.27
","1.48
","3.57
"
"4.09
",b'Titawin',b'\xcf\x85 And\n',"44.25
","F8
","1.27
","1.48
","3.57
"
"4.09
",b'Titawin',b'\xcf\x85 And\n',"44.25
","F8
","1.27
","1.48
","3.57
"
"4.09
",b'Titawin',b'\xcf\x85 And\n',"44.25
","F8
","1.27
","1.48
","3.57
"
"4.09
",b'Titawin',b'\xcf\x85 And\n',"44.25
","F8
","1.27
","1.48
","3.57
"
"4.1
",b'Rho Cassiopeiae',b'\xcf\x81 Cas\n',"8,154
","G2
","22
","636-981
","347,000 - 530,000
"
"4.1
",b'Rho Cassiopeiae',b'\xcf\x81 Cas\n',"8,154
","G2
","22
","636-981
","347,000 - 530,000
"
"4.1
",b'Rho Cassiopeiae',b'\xcf\x81 Cas\n',"8,154
","G2
","22
","636-981
","347,000 - 530,000
"
"4.1
",b'Rho Cassiopeiae',b'\xcf\x81 Cas\n',"8,154
","G2
","22
","636-981
","347,000 - 530,000
"
"4.1
",b'Rho Cassiopeiae',b'\xcf\x81 Cas\n',"8,154
","G2
","22
","636-981
","347,000 - 530,000
"
"4.1
",b'Rho Cassiopeiae',b'\xcf\x81 Cas\n',"8,154
","G2
","22
","636-981
","347,000 - 530,000
"
"4.1
",b'Rho Cassiopeiae',b'\xcf\x81 Cas\n',"8,154
","G2
","22
","636-981
","347,000 - 530,000
"
"4.1
",b'Rho Cassiopeiae',b'\xcf\x81 Cas\n',"8,154
","G2
","22
","636-981
","347,000 - 530,000
"
"4.82
",b'P Cygni',b'P Cyg\n',"5,545
","B1
","30
","76
","610,000
"
"4.82
",b'P Cygni',b'P Cyg\n',"5,545
","B1
","30
","76
","610,000
"
"4.82
",b'P Cygni',b'P Cyg\n',"5,545
","B1
","30
","76
","610,000
"
"4.82
",b'P Cygni',b'P Cyg\n',"5,545
","B1
","30
","76
","610,000
"
"4.82
",b'P Cygni',b'P Cyg\n',"5,545
","B1
","30
","76
","610,000
"
"4.82
",b'P Cygni',b'P Cyg\n',"5,545
","B1
","30
","76
","610,000
"
"4.82
",b'P Cygni',b'P Cyg\n',"5,545
","B1
","30
","76
","610,000
"
"4.82
",b'P Cygni',b'P Cyg\n',"5,545
","B1
","30
","76
","610,000
"
"4.86
",b'La Superba',b'CVn\n',"1,000
","C5
","
","129 - 342
","2,472 - 5,800
"
"4.86
",b'La Superba',b'CVn\n',"1,000
","C5
","
","129 - 342
","2,472 - 5,800
"
"4.86
",b'La Superba',b'CVn\n',"1,000
","C5
","
","129 - 342
","2,472 - 5,800
"
"4.86
",b'La Superba',b'CVn\n',"1,000
","C5
","
","129 - 342
","2,472 - 5,800
"
"4.86
",b'La Superba',b'CVn\n',"1,000
","C5
","
","129 - 342
","2,472 - 5,800
"
"4.86
",b'La Superba',b'CVn\n',"1,000
","C5
","
","129 - 342
","2,472 - 5,800
"
"4.86
",b'La Superba',b'CVn\n',"1,000
","C5
","
","129 - 342
","2,472 - 5,800
"
"4.86
",b'La Superba',b'CVn\n',"1,000
","C5
","
","129 - 342
","2,472 - 5,800
"
"4.91
",b'VV Cephei',b'Cep\n',"4,900
","M2
","18.2
","516 - 1,050
","200,000
"
"4.91
",b'VV Cephei',b'Cep\n',"4,900
","M2
","18.2
","516 - 1,050
","200,000
"
"4.91
",b'VV Cephei',b'Cep\n',"4,900
","M2
","18.2
","516 - 1,050
","200,000
"
"4.91
",b'VV Cephei',b'Cep\n',"4,900
","M2
","18.2
","516 - 1,050
","200,000
"
"4.91
",b'VV Cephei',b'Cep\n',"4,900
","M2
","18.2
","516 - 1,050
","200,000
"
"4.91
",b'VV Cephei',b'Cep\n',"4,900
","M2
","18.2
","516 - 1,050
","200,000
"
"4.91
",b'VV Cephei',b'Cep\n',"4,900
","M2
","18.2
","516 - 1,050
","200,000
"
"4.91
",b'VV Cephei',b'Cep\n',"4,900
","M2
","18.2
","516 - 1,050
","200,000
"
"5.20
",b'61 Cygni',b'Cyg\n',"11.41
","K5
","0.7
","0.665
","0.153
"
"5.20
",b'61 Cygni',b'Cyg\n',"11.41
","K5
","0.7
","0.665
","0.153
"
"5.20
",b'61 Cygni',b'Cyg\n',"11.41
","K5
","0.7
","0.665
","0.153
"
"5.20
",b'61 Cygni',b'Cyg\n',"11.41
","K5
","0.7
","0.665
","0.153
"
"5.20
",b'61 Cygni',b'Cyg\n',"11.41
","K5
","0.7
","0.665
","0.153
"
"5.20
",b'61 Cygni',b'Cyg\n',"11.41
","K5
","0.7
","0.665
","0.153
"
"5.20
",b'61 Cygni',b'Cyg\n',"11.41
","K5
","0.7
","0.665
","0.153
"
"5.20
",b'61 Cygni',b'Cyg\n',"11.41
","K5
","0.7
","0.665
","0.153
"
"5.4
",b'R Doradus',b'Dor\n',"178
","M8
","0.7 - 1.0
","298
","4,350
"
"5.4
",b'R Doradus',b'Dor\n',"178
","M8
","0.7 - 1.0
","298
","4,350
"
"5.4
",b'R Doradus',b'Dor\n',"178
","M8
","0.7 - 1.0
","298
","4,350
"
"5.4
",b'R Doradus',b'Dor\n',"178
","M8
","0.7 - 1.0
","298
","4,350
"
"5.4
",b'R Doradus',b'Dor\n',"178
","M8
","0.7 - 1.0
","298
","4,350
"
"5.4
",b'R Doradus',b'Dor\n',"178
","M8
","0.7 - 1.0
","298
","4,350
"
"5.4
",b'R Doradus',b'Dor\n',"178
","M8
","0.7 - 1.0
","298
","4,350
"
"5.4
",b'R Doradus',b'Dor\n',"178
","M8
","0.7 - 1.0
","298
","4,350
"
"5.47
",b'Polaris Australis',b'Oct\n',"281
","F0
","1.59
","3.74
","38
"
"5.47
",b'Polaris Australis',b'Oct\n',"281
","F0
","1.59
","3.74
","38
"
"5.47
",b'Polaris Australis',b'Oct\n',"281
","F0
","1.59
","3.74
","38
"
"5.47
",b'Polaris Australis',b'Oct\n',"281
","F0
","1.59
","3.74
","38
"
"5.47
",b'Polaris Australis',b'Oct\n',"281
","F0
","1.59
","3.74
","38
"
"5.47
",b'Polaris Australis',b'Oct\n',"281
","F0
","1.59
","3.74
","38
"
"5.47
",b'Polaris Australis',b'Oct\n',"281
","F0
","1.59
","3.74
","38
"
"5.47
",b'Polaris Australis',b'Oct\n',"281
","F0
","1.59
","3.74
","38
"
"5.71
",b'R Coronae Borealis',b'Bor\n',"4,566
","G0
","0.85
","85
","10,000
"
"5.71
",b'R Coronae Borealis',b'Bor\n',"4,566
","G0
","0.85
","85
","10,000
"
"5.71
",b'R Coronae Borealis',b'Bor\n',"4,566
","G0
","0.85
","85
","10,000
"
"5.71
",b'R Coronae Borealis',b'Bor\n',"4,566
","G0
","0.85
","85
","10,000
"
"5.71
",b'R Coronae Borealis',b'Bor\n',"4,566
","G0
","0.85
","85
","10,000
"
"5.71
",b'R Coronae Borealis',b'Bor\n',"4,566
","G0
","0.85
","85
","10,000
"
"5.71
",b'R Coronae Borealis',b'Bor\n',"4,566
","G0
","0.85
","85
","10,000
"
"5.71
",b'R Coronae Borealis',b'Bor\n',"4,566
","G0
","0.85
","85
","10,000
"
"5.88
",b'54 Piscium',b'Psc\n',"36.1
","K0
","0.76
","0.94
","0.52
"
"5.88
",b'54 Piscium',b'Psc\n',"36.1
","K0
","0.76
","0.94
","0.52
"
"5.88
",b'54 Piscium',b'Psc\n',"36.1
","K0
","0.76
","0.94
","0.52
"
"5.88
",b'54 Piscium',b'Psc\n',"36.1
","K0
","0.76
","0.94
","0.52
"
"5.88
",b'54 Piscium',b'Psc\n',"36.1
","K0
","0.76
","0.94
","0.52
"
"5.88
",b'54 Piscium',b'Psc\n',"36.1
","K0
","0.76
","0.94
","0.52
"
"5.88
",b'54 Piscium',b'Psc\n',"36.1
","K0
","0.76
","0.94
","0.52
"
"5.88
",b'54 Piscium',b'Psc\n',"36.1
","K0
","0.76
","0.94
","0.52
"
"6.57
",b'Mira',b'\xce\xbf Ceti',"300
","M7
","1.2
","370
","9,000
"
"6.57
",b'Mira',b'\xce\xbf Ceti',"300
","M7
","1.2
","370
","9,000
"
"6.57
",b'Mira',b'\xce\xbf Ceti',"300
","M7
","1.2
","370
","9,000
"
"6.57
",b'Mira',b'\xce\xbf Ceti',"300
","M7
","1.2
","370
","9,000
"
"6.57
",b'Mira',b'\xce\xbf Ceti',"300
","M7
","1.2
","370
","9,000
"
"6.57
",b'Mira',b'\xce\xbf Ceti',"300
","M7
","1.2
","370
","9,000
"
"6.57
",b'Mira',b'\xce\xbf Ceti',"300
","M7
","1.2
","370
","9,000
"
"6.57
",b'Mira',b'\xce\xbf Ceti',"300
","M7
","1.2
","370
","9,000
"
"6.65
",b'RW Cephei',b'Cep\n',"14,000
","K2
","13.9
","1,158
","417,000
"
"6.65
",b'RW Cephei',b'Cep\n',"14,000
","K2
","13.9
","1,158
","417,000
"
"6.65
",b'RW Cephei',b'Cep\n',"14,000
","K2
","13.9
","1,158
","417,000
"
"6.65
",b'RW Cephei',b'Cep\n',"14,000
","K2
","13.9
","1,158
","417,000
"
"6.65
",b'RW Cephei',b'Cep\n',"14,000
","K2
","13.9
","1,158
","417,000
"
"6.65
",b'RW Cephei',b'Cep\n',"14,000
","K2
","13.9
","1,158
","417,000
"
"6.65
",b'RW Cephei',b'Cep\n',"14,000
","K2
","13.9
","1,158
","417,000
"
"6.65
",b'RW Cephei',b'Cep\n',"14,000
","K2
","13.9
","1,158
","417,000
"
"6.67
",b'Lacaille 8760',b'Mic\n',"12.87
","M0
","0.6
","0.51
","0.072
"
"6.67
",b'Lacaille 8760',b'Mic\n',"12.87
","M0
","0.6
","0.51
","0.072
"
"6.67
",b'Lacaille 8760',b'Mic\n',"12.87
","M0
","0.6
","0.51
","0.072
"
"6.67
",b'Lacaille 8760',b'Mic\n',"12.87
","M0
","0.6
","0.51
","0.072
"
"6.67
",b'Lacaille 8760',b'Mic\n',"12.87
","M0
","0.6
","0.51
","0.072
"
"6.67
",b'Lacaille 8760',b'Mic\n',"12.87
","M0
","0.6
","0.51
","0.072
"
"6.67
",b'Lacaille 8760',b'Mic\n',"12.87
","M0
","0.6
","0.51
","0.072
"
"6.67
",b'Lacaille 8760',b'Mic\n',"12.87
","M0
","0.6
","0.51
","0.072
"
"6.75
",b'V838 Monocerotis',b'Mon\n',"19,896
","M6
","?
","380 - 750
","15,000
"
"6.75
",b'V838 Monocerotis',b'Mon\n',"19,896
","M6
","?
","380 - 750
","15,000
"
"6.75
",b'V838 Monocerotis',b'Mon\n',"19,896
","M6
","?
","380 - 750
","15,000
"
"6.75
",b'V838 Monocerotis',b'Mon\n',"19,896
","M6
","?
","380 - 750
","15,000
"
"6.75
",b'V838 Monocerotis',b'Mon\n',"19,896
","M6
","?
","380 - 750
","15,000
"
"6.75
",b'V838 Monocerotis',b'Mon\n',"19,896
","M6
","?
","380 - 750
","15,000
"
"6.75
",b'V838 Monocerotis',b'Mon\n',"19,896
","M6
","?
","380 - 750
","15,000
"
"6.75
",b'V838 Monocerotis',b'Mon\n',"19,896
","M6
","?
","380 - 750
","15,000
"
"7.25
",b'HD 140283',b'Lib\n',"190
","F?
","?
","1.4
","3.83
"
"7.25
",b'HD 140283',b'Lib\n',"190
","F?
","?
","1.4
","3.83
"
"7.25
",b'HD 140283',b'Lib\n',"190
","F?
","?
","1.4
","3.83
"
"7.25
",b'HD 140283',b'Lib\n',"190
","F?
","?
","1.4
","3.83
"
"7.25
",b'HD 140283',b'Lib\n',"190
","F?
","?
","1.4
","3.83
"
"7.25
",b'HD 140283',b'Lib\n',"190
","F?
","?
","1.4
","3.83
"
"7.25
",b'HD 140283',b'Lib\n',"190
","F?
","?
","1.4
","3.83
"
"7.25
",b'HD 140283',b'Lib\n',"190
","F?
","?
","1.4
","3.83
"
"7.4
",b'II Pegasi',b'Peg\n',"130
","K2
","0.8
","3.4
","1.06
"
"7.4
",b'II Pegasi',b'Peg\n',"130
","K2
","0.8
","3.4
","1.06
"
"7.4
",b'II Pegasi',b'Peg\n',"130
","K2
","0.8
","3.4
","1.06
"
"7.4
",b'II Pegasi',b'Peg\n',"130
","K2
","0.8
","3.4
","1.06
"
"7.4
",b'II Pegasi',b'Peg\n',"130
","K2
","0.8
","3.4
","1.06
"
"7.4
",b'II Pegasi',b'Peg\n',"130
","K2
","0.8
","3.4
","1.06
"
"7.4
",b'II Pegasi',b'Peg\n',"130
","K2
","0.8
","3.4
","1.06
"
"7.4
",b'II Pegasi',b'Peg\n',"130
","K2
","0.8
","3.4
","1.06
"
"8.05
",b'VY Canis Majoris',b'CMa\n',"3,900
","M5
","17
","1,420
","178,000 - 270,000
"
"8.05
",b'VY Canis Majoris',b'CMa\n',"3,900
","M5
","17
","1,420
","178,000 - 270,000
"
"8.05
",b'VY Canis Majoris',b'CMa\n',"3,900
","M5
","17
","1,420
","178,000 - 270,000
"
"8.05
",b'VY Canis Majoris',b'CMa\n',"3,900
","M5
","17
","1,420
","178,000 - 270,000
"
"8.05
",b'VY Canis Majoris',b'CMa\n',"3,900
","M5
","17
","1,420
","178,000 - 270,000
"
"8.05
",b'VY Canis Majoris',b'CMa\n',"3,900
","M5
","17
","1,420
","178,000 - 270,000
"
"8.05
",b'VY Canis Majoris',b'CMa\n',"3,900
","M5
","17
","1,420
","178,000 - 270,000
"
"8.05
",b'VY Canis Majoris',b'CMa\n',"3,900
","M5
","17
","1,420
","178,000 - 270,000
"
"8.3
",b'Pistol Star',b'Sgr\n',"25,000
","B3
","100
","320
","1,700,000
"
"8.3
",b'Pistol Star',b'Sgr\n',"25,000
","B3
","100
","320
","1,700,000
"
"8.3
",b'Pistol Star',b'Sgr\n',"25,000
","B3
","100
","320
","1,700,000
"
"8.3
",b'Pistol Star',b'Sgr\n',"25,000
","B3
","100
","320
","1,700,000
"
"8.3
",b'Pistol Star',b'Sgr\n',"25,000
","B3
","100
","320
","1,700,000
"
"8.3
",b'Pistol Star',b'Sgr\n',"25,000
","B3
","100
","320
","1,700,000
"
"8.3
",b'Pistol Star',b'Sgr\n',"25,000
","B3
","100
","320
","1,700,000
"
"8.3
",b'Pistol Star',b'Sgr\n',"25,000
","B3
","100
","320
","1,700,000
"
"8.6
",b'S Doradus',b'Dor\n',"169,000
","B8
","24
","380
","910,000
"
"8.6
",b'S Doradus',b'Dor\n',"169,000
","B8
","24
","380
","910,000
"
"8.6
",b'S Doradus',b'Dor\n',"169,000
","B8
","24
","380
","910,000
"
"8.6
",b'S Doradus',b'Dor\n',"169,000
","B8
","24
","380
","910,000
"
"8.6
",b'S Doradus',b'Dor\n',"169,000
","B8
","24
","380
","910,000
"
"8.6
",b'S Doradus',b'Dor\n',"169,000
","B8
","24
","380
","910,000
"
"8.6
",b'S Doradus',b'Dor\n',"169,000
","B8
","24
","380
","910,000
"
"8.6
",b'S Doradus',b'Dor\n',"169,000
","B8
","24
","380
","910,000
"
"8.9
",b'UY Scuti',b'Sct\n',"5,100
","M4
","7–10
","755
","86,300 - 87,100
"
"8.9
",b'UY Scuti',b'Sct\n',"5,100
","M4
","7–10
","755
","86,300 - 87,100
"
"8.9
",b'UY Scuti',b'Sct\n',"5,100
","M4
","7–10
","755
","86,300 - 87,100
"
"8.9
",b'UY Scuti',b'Sct\n',"5,100
","M4
","7–10
","755
","86,300 - 87,100
"
"8.9
",b'UY Scuti',b'Sct\n',"5,100
","M4
","7–10
","755
","86,300 - 87,100
"
"8.9
",b'UY Scuti',b'Sct\n',"5,100
","M4
","7–10
","755
","86,300 - 87,100
"
"8.9
",b'UY Scuti',b'Sct\n',"5,100
","M4
","7–10
","755
","86,300 - 87,100
"
"8.9
",b'UY Scuti',b'Sct\n',"5,100
","M4
","7–10
","755
","86,300 - 87,100
"
"9.5
","b""Barnard's Star""",b'Oph\n',"5.98
","M4
","0.14
","0.20
","0.0035
"
"9.5
","b""Barnard's Star""",b'Oph\n',"5.98
","M4
","0.14
","0.20
","0.0035
"
"9.5
","b""Barnard's Star""",b'Oph\n',"5.98
","M4
","0.14
","0.20
","0.0035
"
"9.5
","b""Barnard's Star""",b'Oph\n',"5.98
","M4
","0.14
","0.20
","0.0035
"
"9.5
","b""Barnard's Star""",b'Oph\n',"5.98
","M4
","0.14
","0.20
","0.0035
"
"9.5
","b""Barnard's Star""",b'Oph\n',"5.98
","M4
","0.14
","0.20
","0.0035
"
"9.5
","b""Barnard's Star""",b'Oph\n',"5.98
","M4
","0.14
","0.20
","0.0035
"
"9.5
","b""Barnard's Star""",b'Oph\n',"5.98
","M4
","0.14
","0.20
","0.0035
"
"10.7
",b'Luhman 16',b'Vel\n',"6.52
","L7
","0.04
","?
","?
"
"10.7
",b'Luhman 16',b'Vel\n',"6.52
","L7
","0.04
","?
","?
"
"10.7
",b'Luhman 16',b'Vel\n',"6.52
","L7
","0.04
","?
","?
"
"10.7
",b'Luhman 16',b'Vel\n',"6.52
","L7
","0.04
","?
","?
"
"10.7
",b'Luhman 16',b'Vel\n',"6.52
","L7
","0.04
","?
","?
"
"10.7
",b'Luhman 16',b'Vel\n',"6.52
","L7
","0.04
","?
","?
"
"10.7
",b'Luhman 16',b'Vel\n',"6.52
","L7
","0.04
","?
","?
"
"10.7
",b'Luhman 16',b'Vel\n',"6.52
","L7
","0.04
","?
","?
"
"11.13
",b'Proxima Centauri',b'Cen\n',"4.25
","M6
","0.12
","0.15
","0.0017
"
"11.13
",b'Proxima Centauri',b'Cen\n',"4.25
","M6
","0.12
","0.15
","0.0017
"
"11.13
",b'Proxima Centauri',b'Cen\n',"4.25
","M6
","0.12
","0.15
","0.0017
"
"11.13
",b'Proxima Centauri',b'Cen\n',"4.25
","M6
","0.12
","0.15
","0.0017
"
"11.13
",b'Proxima Centauri',b'Cen\n',"4.25
","M6
","0.12
","0.15
","0.0017
"
"11.13
",b'Proxima Centauri',b'Cen\n',"4.25
","M6
","0.12
","0.15
","0.0017
"
"11.13
",b'Proxima Centauri',b'Cen\n',"4.25
","M6
","0.12
","0.15
","0.0017
"
"11.13
",b'Proxima Centauri',b'Cen\n',"4.25
","M6
","0.12
","0.15
","0.0017
"
"11.71
",b'KIC 8462852',b'Cyg\n',"1,470
","F3
","1.43
","1.58
","4.68
"
"11.71
",b'KIC 8462852',b'Cyg\n',"1,470
","F3
","1.43
","1.58
","4.68
"
"11.71
",b'KIC 8462852',b'Cyg\n',"1,470
","F3
","1.43
","1.58
","4.68
"
"11.71
",b'KIC 8462852',b'Cyg\n',"1,470
","F3
","1.43
","1.58
","4.68
"
"11.71
",b'KIC 8462852',b'Cyg\n',"1,470
","F3
","1.43
","1.58
","4.68
"
"11.71
",b'KIC 8462852',b'Cyg\n',"1,470
","F3
","1.43
","1.58
","4.68
"
"11.71
",b'KIC 8462852',b'Cyg\n',"1,470
","F3
","1.43
","1.58
","4.68
"
"11.71
",b'KIC 8462852',b'Cyg\n',"1,470
","F3
","1.43
","1.58
","4.68
"
"12.23
",b'R136a1',b'Dor\n',"163,000
","WN5
","290
","32
","8,710,000
"
"12.23
",b'R136a1',b'Dor\n',"163,000
","WN5
","290
","32
","8,710,000
"
"12.23
",b'R136a1',b'Dor\n',"163,000
","WN5
","290
","32
","8,710,000
"
"12.23
",b'R136a1',b'Dor\n',"163,000
","WN5
","290
","32
","8,710,000
"
"12.23
",b'R136a1',b'Dor\n',"163,000
","WN5
","290
","32
","8,710,000
"
"12.23
",b'R136a1',b'Dor\n',"163,000
","WN5
","290
","32
","8,710,000
"
"12.23
",b'R136a1',b'Dor\n',"163,000
","WN5
","290
","32
","8,710,000
"
"12.23
",b'R136a1',b'Dor\n',"163,000
","WN5
","290
","32
","8,710,000
"
"12.78
",b'Melnick 42',b'Dor\n',"163,000
","O2
","189
","21.1
","3,600,000
"
"12.78
",b'Melnick 42',b'Dor\n',"163,000
","O2
","189
","21.1
","3,600,000
"
"12.78
",b'Melnick 42',b'Dor\n',"163,000
","O2
","189
","21.1
","3,600,000
"
"12.78
",b'Melnick 42',b'Dor\n',"163,000
","O2
","189
","21.1
","3,600,000
"
"12.78
",b'Melnick 42',b'Dor\n',"163,000
","O2
","189
","21.1
","3,600,000
"
"12.78
",b'Melnick 42',b'Dor\n',"163,000
","O2
","189
","21.1
","3,600,000
"
"12.78
",b'Melnick 42',b'Dor\n',"163,000
","O2
","189
","21.1
","3,600,000
"
"12.78
",b'Melnick 42',b'Dor\n',"163,000
","O2
","189
","21.1
","3,600,000
"
"14.10
",b'WR 102',b'Sag\n',"18,134
","WO2
","19
","0.39
","282,000
"
"14.10
",b'WR 102',b'Sag\n',"18,134
","WO2
","19
","0.39
","282,000
"
"14.10
",b'WR 102',b'Sag\n',"18,134
","WO2
","19
","0.39
","282,000
"
"14.10
",b'WR 102',b'Sag\n',"18,134
","WO2
","19
","0.39
","282,000
"
"14.10
",b'WR 102',b'Sag\n',"18,134
","WO2
","19
","0.39
","282,000
"
"14.10
",b'WR 102',b'Sag\n',"18,134
","WO2
","19
","0.39
","282,000
"
"14.10
",b'WR 102',b'Sag\n',"18,134
","WO2
","19
","0.39
","282,000
"
"14.10
",b'WR 102',b'Sag\n',"18,134
","WO2
","19
","0.39
","282,000
"
"14.38
",b'VFTS 352',b'Dor\n',"164,000
","O5
","57.48
","14.47
","330,000
"
"14.38
",b'VFTS 352',b'Dor\n',"164,000
","O5
","57.48
","14.47
","330,000
"
"14.38
",b'VFTS 352',b'Dor\n',"164,000
","O5
","57.48
","14.47
","330,000
"
"14.38
",b'VFTS 352',b'Dor\n',"164,000
","O5
","57.48
","14.47
","330,000
"
"14.38
",b'VFTS 352',b'Dor\n',"164,000
","O5
","57.48
","14.47
","330,000
"
"14.38
",b'VFTS 352',b'Dor\n',"164,000
","O5
","57.48
","14.47
","330,000
"
"14.38
",b'VFTS 352',b'Dor\n',"164,000
","O5
","57.48
","14.47
","330,000
"
"14.38
",b'VFTS 352',b'Dor\n',"164,000
","O5
","57.48
","14.47
","330,000
"
"14.68
",b'YBP 1194',b'Cnc\n',"2,772
","G5
","1.01
","0.99
","0.98
"
"14.68
",b'YBP 1194',b'Cnc\n',"2,772
","G5
","1.01
","0.99
","0.98
"
"14.68
",b'YBP 1194',b'Cnc\n',"2,772
","G5
","1.01
","0.99
","0.98
"
"14.68
",b'YBP 1194',b'Cnc\n',"2,772
","G5
","1.01
","0.99
","0.98
"
"14.68
",b'YBP 1194',b'Cnc\n',"2,772
","G5
","1.01
","0.99
","0.98
"
"14.68
",b'YBP 1194',b'Cnc\n',"2,772
","G5
","1.01
","0.99
","0.98
"
"14.68
",b'YBP 1194',b'Cnc\n',"2,772
","G5
","1.01
","0.99
","0.98
"
"14.68
",b'YBP 1194',b'Cnc\n',"2,772
","G5
","1.01
","0.99
","0.98
"
"14.71
",b'Gliese 1214',b'Oph\n',"47.5
","M4.5
","0.16
","0.21
","0.0033
"
"14.71
",b'Gliese 1214',b'Oph\n',"47.5
","M4.5
","0.16
","0.21
","0.0033
"
"14.71
",b'Gliese 1214',b'Oph\n',"47.5
","M4.5
","0.16
","0.21
","0.0033
"
"14.71
",b'Gliese 1214',b'Oph\n',"47.5
","M4.5
","0.16
","0.21
","0.0033
"
"14.71
",b'Gliese 1214',b'Oph\n',"47.5
","M4.5
","0.16
","0.21
","0.0033
"
"14.71
",b'Gliese 1214',b'Oph\n',"47.5
","M4.5
","0.16
","0.21
","0.0033
"
"14.71
",b'Gliese 1214',b'Oph\n',"47.5
","M4.5
","0.16
","0.21
","0.0033
"
"14.71
",b'Gliese 1214',b'Oph\n',"47.5
","M4.5
","0.16
","0.21
","0.0033
"
"16.6
",b'NML Cygni',b'Cyg\n',"5,251
","M6
","50
","1,640 - 2,770
","229,000
"
"16.6
",b'NML Cygni',b'Cyg\n',"5,251
","M6
","50
","1,640 - 2,770
","229,000
"
"16.6
",b'NML Cygni',b'Cyg\n',"5,251
","M6
","50
","1,640 - 2,770
","229,000
"
"16.6
",b'NML Cygni',b'Cyg\n',"5,251
","M6
","50
","1,640 - 2,770
","229,000
"
"16.6
",b'NML Cygni',b'Cyg\n',"5,251
","M6
","50
","1,640 - 2,770
","229,000
"
"16.6
",b'NML Cygni',b'Cyg\n',"5,251
","M6
","50
","1,640 - 2,770
","229,000
"
"16.6
",b'NML Cygni',b'Cyg\n',"5,251
","M6
","50
","1,640 - 2,770
","229,000
"
"16.6
",b'NML Cygni',b'Cyg\n',"5,251
","M6
","50
","1,640 - 2,770
","229,000
"
"17.30
",b'VB 10',b'Aql\n',"18.72
","M8
","0.075
","0.10
","0.0004
"
"17.30
",b'VB 10',b'Aql\n',"18.72
","M8
","0.075
","0.10
","0.0004
"
"17.30
",b'VB 10',b'Aql\n',"18.72
","M8
","0.075
","0.10
","0.0004
"
"17.30
",b'VB 10',b'Aql\n',"18.72
","M8
","0.075
","0.10
","0.0004
"
"17.30
",b'VB 10',b'Aql\n',"18.72
","M8
","0.075
","0.10
","0.0004
"
"17.30
",b'VB 10',b'Aql\n',"18.72
","M8
","0.075
","0.10
","0.0004
"
"17.30
",b'VB 10',b'Aql\n',"18.72
","M8
","0.075
","0.10
","0.0004
"
"17.30
",b'VB 10',b'Aql\n',"18.72
","M8
","0.075
","0.10
","0.0004
"
"18.46
",b'WOH G64',b'Dor\n',"163,000
","M5
","<20
","1,540 - 1,730
","340-589,000
"
"18.46
",b'WOH G64',b'Dor\n',"163,000
","M5
","<20
","1,540 - 1,730
","340-589,000
"
"18.46
",b'WOH G64',b'Dor\n',"163,000
","M5
","<20
","1,540 - 1,730
","340-589,000
"
"18.46
",b'WOH G64',b'Dor\n',"163,000
","M5
","<20
","1,540 - 1,730
","340-589,000
"
"18.46
",b'WOH G64',b'Dor\n',"163,000
","M5
","<20
","1,540 - 1,730
","340-589,000
"
"18.46
",b'WOH G64',b'Dor\n',"163,000
","M5
","<20
","1,540 - 1,730
","340-589,000
"
"18.46
",b'WOH G64',b'Dor\n',"163,000
","M5
","<20
","1,540 - 1,730
","340-589,000
"
"18.46
",b'WOH G64',b'Dor\n',"163,000
","M5
","<20
","1,540 - 1,730
","340-589,000
"
"18.80
",b'TRAPPIST-1',b'Aqr\n',"39.6
","M8
","0.089
","0.12
","0.0005
"
"18.80
",b'TRAPPIST-1',b'Aqr\n',"39.6
","M8
","0.089
","0.12
","0.0005
"
"18.80
",b'TRAPPIST-1',b'Aqr\n',"39.6
","M8
","0.089
","0.12
","0.0005
"
"18.80
",b'TRAPPIST-1',b'Aqr\n',"39.6
","M8
","0.089
","0.12
","0.0005
"
"18.80
",b'TRAPPIST-1',b'Aqr\n',"39.6
","M8
","0.089
","0.12
","0.0005
"
"18.80
",b'TRAPPIST-1',b'Aqr\n',"39.6
","M8
","0.089
","0.12
","0.0005
"
"18.80
",b'TRAPPIST-1',b'Aqr\n',"39.6
","M8
","0.089
","0.12
","0.0005
"
"18.80
",b'TRAPPIST-1',b'Aqr\n',"39.6
","M8
","0.089
","0.12
","0.0005
"
"21.05
",b'2MASS J0523-1403',b'Lep\n',"40.3
","L2.5
","0.07
","0.086
","0.00013
"
"21.05
",b'2MASS J0523-1403',b'Lep\n',"40.3
","L2.5
","0.07
","0.086
","0.00013
"
"21.05
",b'2MASS J0523-1403',b'Lep\n',"40.3
","L2.5
","0.07
","0.086
","0.00013
"
"21.05
",b'2MASS J0523-1403',b'Lep\n',"40.3
","L2.5
","0.07
","0.086
","0.00013
"
"21.05
",b'2MASS J0523-1403',b'Lep\n',"40.3
","L2.5
","0.07
","0.086
","0.00013
"
"21.05
",b'2MASS J0523-1403',b'Lep\n',"40.3
","L2.5
","0.07
","0.086
","0.00013
"
"21.05
",b'2MASS J0523-1403',b'Lep\n',"40.3
","L2.5
","0.07
","0.086
","0.00013
"
"21.05
",b'2MASS J0523-1403',b'Lep\n',"40.3
","L2.5
","0.07
","0.086
","0.00013
"
"25
",b'WISE 0855\xe2\x88\x920714',b'Hya\n',"7.27
","Y2
","0.003
","?
","?
"
"25
",b'WISE 0855\xe2\x88\x920714',b'Hya\n',"7.27
","Y2
","0.003
","?
","?
"
"25
",b'WISE 0855\xe2\x88\x920714',b'Hya\n',"7.27
","Y2
","0.003
","?
","?
"
"25
",b'WISE 0855\xe2\x88\x920714',b'Hya\n',"7.27
","Y2
","0.003
","?
","?
"
"25
",b'WISE 0855\xe2\x88\x920714',b'Hya\n',"7.27
","Y2
","0.003
","?
","?
"
"25
",b'WISE 0855\xe2\x88\x920714',b'Hya\n',"7.27
","Y2
","0.003
","?
","?
"
"25
",b'WISE 0855\xe2\x88\x920714',b'Hya\n',"7.27
","Y2
","0.003
","?
","?
"
"25
",b'WISE 0855\xe2\x88\x920714',b'Hya\n',"7.27
","Y2
","0.003
","?
","?
"
"28.4
",b'Icarus',b'Leo\n',"14,400,000,000
","B?
","33
","?
","850,000
"
"28.4
",b'Icarus',b'Leo\n',"14,400,000,000
","B?
","33
","?
","850,000
"
"28.4
",b'Icarus',b'Leo\n',"14,400,000,000
","B?
","33
","?
","850,000
"
"28.4
",b'Icarus',b'Leo\n',"14,400,000,000
","B?
","33
","?
","850,000
"
"28.4
",b'Icarus',b'Leo\n',"14,400,000,000
","B?
","33
","?
","850,000
"
"28.4
",b'Icarus',b'Leo\n',"14,400,000,000
","B?
","33
","?
","850,000
"
"28.4
",b'Icarus',b'Leo\n',"14,400,000,000
","B?
","33
","?
","850,000
"
"28.4
",b'Icarus',b'Leo\n',"14,400,000,000
","B?
","33
","?
","850,000
"
